perturbation,program,mean_embedding_l2_drift,mean_embedding_cosine_sim,mean_expr_drift,embedding_to_expr_drift_corr,gpfr_baseline,gpfr_after_linear_correction,gpfr_relative_reduction,n_train,n_heldout,ridge_alpha_selected,heldout_mean_pearson_r
brightness,immune_activation,8.502923011779785,0.9235658049583435,234.44938702702206,0.7889321899595817,0.028888888888888888,0.011111111111111112,0.6153846153846154,2100,900,100.0,0.5585048471550154
brightness,proliferation,8.502923011779785,0.9235658049583435,234.44938702702206,0.7889321899595817,0.04666666666666667,0.04,0.1428571428571429,2100,900,100.0,0.5585048471550154
brightness,hypoxia,8.502923011779785,0.9235658049583435,234.44938702702206,0.7889321899595817,0.19111111111111112,0.10777777777777778,0.436046511627907,2100,900,100.0,0.5585048471550154
brightness,stromal_ecm,8.502923011779785,0.9235658049583435,234.44938702702206,0.7889321899595817,0.03,0.021111111111111112,0.2962962962962963,2100,900,100.0,0.5585048471550154
brightness,angiogenesis,8.502923011779785,0.9235658049583435,234.44938702702206,0.7889321899595817,0.07222222222222222,0.058888888888888886,0.18461538461538463,2100,900,100.0,0.5585048471550154
contrast,immune_activation,7.836524486541748,0.9382809400558472,247.11390666057375,0.4495217765514802,0.016666666666666666,0.0077777777777777776,0.5333333333333333,2100,900,100.0,0.5585048471550154
contrast,proliferation,7.836524486541748,0.9382809400558472,247.11390666057375,0.4495217765514802,0.027777777777777776,0.024444444444444446,0.11999999999999988,2100,900,100.0,0.5585048471550154
contrast,hypoxia,7.836524486541748,0.9382809400558472,247.11390666057375,0.4495217765514802,0.15222222222222223,0.08,0.4744525547445255,2100,900,100.0,0.5585048471550154
contrast,stromal_ecm,7.836524486541748,0.9382809400558472,247.11390666057375,0.4495217765514802,0.024444444444444446,0.01888888888888889,0.2272727272727273,2100,900,100.0,0.5585048471550154
contrast,angiogenesis,7.836524486541748,0.9382809400558472,247.11390666057375,0.4495217765514802,0.12444444444444444,0.06222222222222222,0.5,2100,900,100.0,0.5585048471550154
gamma,immune_activation,5.441236972808838,0.9695574045181274,175.2704704846888,0.6420737652348054,0.0033333333333333335,0.0044444444444444444,-0.33333333333333326,2100,900,100.0,0.5585048471550154
gamma,proliferation,5.441236972808838,0.9695574045181274,175.2704704846888,0.6420737652348054,0.01888888888888889,0.017777777777777778,0.05882352941176472,2100,900,100.0,0.5585048471550154
gamma,hypoxia,5.441236972808838,0.9695574045181274,175.2704704846888,0.6420737652348054,0.05555555555555555,0.04111111111111111,0.2599999999999999,2100,900,100.0,0.5585048471550154
gamma,stromal_ecm,5.441236972808838,0.9695574045181274,175.2704704846888,0.6420737652348054,0.015555555555555555,0.0077777777777777776,0.5,2100,900,100.0,0.5585048471550154
gamma,angiogenesis,5.441236972808838,0.9695574045181274,175.2704704846888,0.6420737652348054,0.08777777777777777,0.027777777777777776,0.6835443037974683,2100,900,100.0,0.5585048471550154
stain_shift,immune_activation,8.962133407592773,0.9166817665100098,285.11636776035397,0.5748181019721544,0.008888888888888889,0.008888888888888889,0.0,2100,900,100.0,0.5585048471550154
stain_shift,proliferation,8.962133407592773,0.9166817665100098,285.11636776035397,0.5748181019721544,0.09777777777777778,0.05555555555555555,0.4318181818181819,2100,900,100.0,0.5585048471550154
stain_shift,hypoxia,8.962133407592773,0.9166817665100098,285.11636776035397,0.5748181019721544,0.13444444444444445,0.12222222222222222,0.09090909090909094,2100,900,100.0,0.5585048471550154
stain_shift,stromal_ecm,8.962133407592773,0.9166817665100098,285.11636776035397,0.5748181019721544,0.035555555555555556,0.043333333333333335,-0.21875,2100,900,100.0,0.5585048471550154
stain_shift,angiogenesis,8.962133407592773,0.9166817665100098,285.11636776035397,0.5748181019721544,0.06,0.05555555555555555,0.07407407407407407,2100,900,100.0,0.5585048471550154
blur,immune_activation,10.429682731628418,0.8899983763694763,310.68121124062816,0.5663066055501023,0.013333333333333334,0.012222222222222223,0.08333333333333337,2100,900,100.0,0.5585048471550154
blur,proliferation,10.429682731628418,0.8899983763694763,310.68121124062816,0.5663066055501023,0.09111111111111111,0.07777777777777778,0.14634146341463417,2100,900,100.0,0.5585048471550154
blur,hypoxia,10.429682731628418,0.8899983763694763,310.68121124062816,0.5663066055501023,0.11333333333333333,0.12111111111111111,-0.06862745098039214,2100,900,100.0,0.5585048471550154
blur,stromal_ecm,10.429682731628418,0.8899983763694763,310.68121124062816,0.5663066055501023,0.03111111111111111,0.04,-0.2857142857142858,2100,900,100.0,0.5585048471550154
blur,angiogenesis,10.429682731628418,0.8899983763694763,310.68121124062816,0.5663066055501023,0.11777777777777777,0.06222222222222222,0.4716981132075472,2100,900,100.0,0.5585048471550154
jpeg,immune_activation,11.23486328125,0.8725337982177734,303.7476897766297,0.6169154204196171,0.01,0.023333333333333334,-1.3333333333333335,2100,900,100.0,0.5585048471550154
jpeg,proliferation,11.23486328125,0.8725337982177734,303.7476897766297,0.6169154204196171,0.07222222222222222,0.08,-0.10769230769230775,2100,900,100.0,0.5585048471550154
jpeg,hypoxia,11.23486328125,0.8725337982177734,303.7476897766297,0.6169154204196171,0.18666666666666668,0.15555555555555556,0.16666666666666674,2100,900,100.0,0.5585048471550154
jpeg,stromal_ecm,11.23486328125,0.8725337982177734,303.7476897766297,0.6169154204196171,0.12,0.052222222222222225,0.5648148148148148,2100,900,100.0,0.5585048471550154
jpeg,angiogenesis,11.23486328125,0.8725337982177734,303.7476897766297,0.6169154204196171,0.07333333333333333,0.07111111111111111,0.030303030303030276,2100,900,100.0,0.5585048471550154
scanner_color,immune_activation,11.437493324279785,0.8667985200881958,380.7770352152632,0.605996373027913,0.19111111111111112,0.06666666666666667,0.6511627906976745,2100,900,100.0,0.5585048471550154
scanner_color,proliferation,11.437493324279785,0.8667985200881958,380.7770352152632,0.605996373027913,0.0811111111111111,0.07555555555555556,0.06849315068493145,2100,900,100.0,0.5585048471550154
scanner_color,hypoxia,11.437493324279785,0.8667985200881958,380.7770352152632,0.605996373027913,0.3988888888888889,0.20555555555555555,0.48467966573816157,2100,900,100.0,0.5585048471550154
scanner_color,stromal_ecm,11.437493324279785,0.8667985200881958,380.7770352152632,0.605996373027913,0.08222222222222222,0.07777777777777778,0.05405405405405406,2100,900,100.0,0.5585048471550154
scanner_color,angiogenesis,11.437493324279785,0.8667985200881958,380.7770352152632,0.605996373027913,0.1322222222222222,0.09555555555555556,0.2773109243697478,2100,900,100.0,0.5585048471550154
